﻿{"name":"Theme PBIX","dataColors":["#1E32C8","#E60546","#00D7FF","#FF00B4","#1E0C32","#C8055A","#3C0C6E","#D64550"],"textClasses":{"callout":{"color":"#FFFFFF","fontFace":"'Segoe UI Bold', wf_segoe-ui_bold, helvetica, arial, sans-serif","fontSize":18},"title":{"color":"#FFFFFF","fontFace":"'Segoe UI Bold', wf_segoe-ui_bold, helvetica, arial, sans-serif","fontSize":10},"label":{"color":"#FAF5F0"}},"visualStyles":{"*":{"*":{"background":[{"transparency":100}],"visualTooltip":[{"titleFontColor":{"solid":{"color":"#FFFFFF"}},"valueFontColor":{"solid":{"color":"#FFFFFF"}}}]}},"page":{"*":{"background":[{"color":{"solid":{"color":"#FFFFFF"}},"transparency":100}]}}},"foregroundNeutralSecondary":"#B4B4B4"}